[{"issuetype":"water-supply-sewerage","title":"dfvzbf","description":"nbvvbnm","photoUrl":"https://www.youtube.com/","locationUrl":"https://www.youtube.com/","id":"0.5688174993697854"},{"issuetype":"roads-infrastructure","title":"czxv","description":"sXVZSV","photoUrl":"https://www.youtube.com/","locationUrl":"https://www.youtube.com/","id":"0.9226473738813024"},{"issuetype":"garbage-sanitation","title":"dfvcvb","description":"cxbxfvbzd","photoUrl":"https://www.youtube.com/","locationUrl":"https://www.youtube.com/","id":"0.8080124498615205"},{"issuetype":"others","title":"dsfvds","description":"dsfgvbdfbh","photoUrl":"https://www.youtube.com/","locationUrl":"https://www.youtube.com/","id":"0.4212295158046897"},{"issuetype":"water-supply-sewerage","title":"v vcb","description":"bdfvb","photoUrl":"https://www.youtube.com/","locationUrl":"https://www.youtube.com/","id":"0.19453816768002052"},{"issuetype":"water-supply-sewerage","title":"water leakage","description":"There is an water leakage","photoUrl":"https://www.hindustantimes.com/ht-img/img/2023/05/09/1600x900/Thane--India---May-09--2023--Water-being-wasted-du_1683660844427.jpg","locationUrl":"https://www.google.com/maps/embed?pb=!1m18!1m12!1m3!1d3682.4032072773134!2d88.40338507507978!3d22.63875057944471!2m3!1f0!2f0!3f0!3m2!1i1024!2i768!4f13.1!3m3!1m2!1s0x39f89e74877512ef%3A0xd8b3f81b4ce3fbef!2s16-24%2C%20Prantik%20Sarani%2C%20Balaka%20Natun%20Bazar%2C%20Manasipara%2C%20North%20Dumdum%2C%20Kolkata%2C%20West%20Bengal%20700065!5e0!3m2!1sen!2sin!4v1766042692749!5m2!1sen!2sin","id":"0.269603912934932"}]